File Name,shear (GPa),bulk (GPa),pugh_ratio
Al10V_mp-16722_Cubic.vasp,58.7563591003418,79.64126586914062,0.7377627472281137
Al119Cr16Fe13_mp-1215162_Monoclinic.vasp,70.31928253173828,103.57075500488281,0.6789492123372385
Al11Cr4_mp-1214894_Triclinic.vasp,94.7965087890625,115.65849304199219,0.8196242774375824
Al12Co4Cu_mp-17017_Monoclinic.vasp,74.51399230957031,120.33802795410156,0.6192056956259154
Al12Fe7_mp-1214901_Triclinic.vasp,81.54305267333984,141.43572998046875,0.5765378570506926
Al12Mo_mp-550_Cubic.vasp,56.12677001953125,86.60550689697266,0.6480739162037419
Al13Co4_mp-1198336_Orthorhombic.vasp,80.31562805175781,117.28546142578125,0.6847875864186448
Al13Co4_mp-30751_Orthorhombic.vasp,79.05400848388672,117.12706756591797,0.6749422667770274
Al13Fe4_mp-1202900_Monoclinic.vasp,77.57472229003906,123.94798278808594,0.6258651455640766
Al17Mo4_mp-570651_Monoclinic.vasp,85.0052261352539,120.9743881225586,0.702671263351508
Al18Co5Ni3_mp-1229050_Monoclinic.vasp,81.19741821289062,134.43930053710938,0.6039708469806985
Al19Co6_mp-1215090_Monoclinic.vasp,81.60242462158203,118.02183532714844,0.6914180278199005
Al22Mo5_mp-568153_Orthorhombic.vasp,83.07564544677734,123.07496643066406,0.6750003502424607
Al23V4_mp-30335_Hexagonal.vasp,67.50653839111328,95.24617004394531,0.7087585606850823
Al27(FeNi2)2_mp-1229168_Triclinic.vasp,66.8946762084961,102.08879089355469,0.6552597559730668
Al27V_mp-1215157_Cubic.vasp,26.216224670410156,47.80083465576172,0.5484470064007587
Al2CoNi_mp-1228913_Tetragonal.vasp,88.19257354736328,170.0054168701172,0.5187633145521576
Al2CrFe_mp-1096119_Orthorhombic.vasp,51.328853607177734,116.36566925048828,0.44109962962261184
Al2Cu2Ni_mp-1228962_Tetragonal.vasp,61.00239181518555,133.12208557128906,0.45824396119844263
Al2CuMo_mp-1214869_Tetragonal.vasp,64.9744873046875,140.17076110839844,0.46353809304381743
Al2CuNi_mp-1095860_Orthorhombic.vasp,31.122224807739258,101.8872299194336,0.3054575615840069
Al2Cu_mp-12794_Tetragonal.vasp,49.962650299072266,85.63395690917969,0.5834443730313766
Al2Cu_mp-985806_Cubic.vasp,50.97099685668945,88.35601806640625,0.5768820050082031
Al2Cu_mp-998_Tetragonal.vasp,43.007442474365234,92.51256561279297,0.46488217237830026
Al2FeCo_mp-1228905_Tetragonal.vasp,110.4976577758789,175.15585327148438,0.6308533555233925
Al2FeCo_mp-862691_Cubic.vasp,108.21990203857422,182.2516326904297,0.5937938686255567
Al2FeCu_mp-1096521_Orthorhombic.vasp,43.08829879760742,97.50215911865234,0.44192148345322696
Al2FeNi_mp-1228910_Tetragonal.vasp,87.90554809570312,167.63278198242188,0.5243935407867953
Al2FeNi_mp-867330_Cubic.vasp,96.932861328125,167.0413360595703,0.580292660575684
Al2Mo3_mp-1182936_Monoclinic.vasp,95.36055755615234,190.60829162597656,0.5002959563966648
Al2Mo3_mp-1198386_Monoclinic.vasp,91.32637786865234,188.06480407714844,0.4856112142662707
Al2Ni3_mp-1229048_Tetragonal.vasp,77.09037780761719,165.4818115234375,0.4658540844937435
Al2VNi9_mp-1228540_Tetragonal.vasp,91.74446105957031,192.83058166503906,0.4757775466286629
Al37(Fe6Cu)2_mp-1228719_Monoclinic.vasp,75.8837661743164,120.38905334472656,0.6303211468656371
Al39Fe7Cu24_mp-31403_Cubic.vasp,52.862266540527344,104.13549041748047,0.5076296882897643
Al3Cr_mp-867780_Tetragonal.vasp,74.42390441894531,118.17190551757812,0.6297935545083914
Al3Cu2_mp-10886_Trigonal.vasp,53.165531158447266,90.49449920654297,0.5875001422694571
Al3Cu_mp-1183161_Cubic.vasp,37.78862762451172,88.1307144165039,0.42877931802440017
Al3Cu_mp-985825_Tetragonal.vasp,43.6801643371582,87.22672271728516,0.5007658545046125
Al3Fe_mp-984873_Hexagonal.vasp,49.72571563720703,125.06392669677734,0.3976023858403957
Al3Mo_mp-571247_Monoclinic.vasp,96.55953979492188,136.05447387695312,0.7097123456759662
Al3Ni2_mp-1057_Trigonal.vasp,84.58457946777344,129.80990600585938,0.6516034258892033
Al3Ni5_mp-16514_Orthorhombic.vasp,81.97771453857422,168.56134033203125,0.48633758118614234
Al3NiMo12_mp-1229051_Orthorhombic.vasp,58.981163024902344,223.86358642578125,0.26346921340178164
Al3Ni_mp-622209_Orthorhombic.vasp,68.62166595458984,116.78617095947266,0.5875838328358506
Al3V_mp-1008554_Cubic.vasp,96.38203430175781,117.98849487304688,0.8168765472045629
Al3V_mp-2554_Tetragonal.vasp,96.8310317993164,118.86469268798828,0.8146324161497751
Al41V4_mp-1229052_Cubic.vasp,62.52421951293945,79.96208190917969,0.781923356922522
Al45Cr7_mp-31019_Monoclinic.vasp,73.48512268066406,96.68769073486328,0.7600256260352185
Al45V7_mp-567919_Monoclinic.vasp,72.01935577392578,92.42371368408203,0.7792302743871408
Al4CrNi15_mp-1228914_Tetragonal.vasp,88.54647827148438,184.843994140625,0.47903356927096197
Al4Cu15_mp-1228752_Tetragonal.vasp,54.758060455322266,128.98773193359375,0.42452146133954155
Al4Cu9_mp-593_Cubic.vasp,50.9613151550293,122.01274871826172,0.41767205222712833
Al4Mo_mp-30180_Monoclinic.vasp,89.48974609375,124.64850616455078,0.7179367715455245
Al4Ni15_mp-1228713_Tetragonal.vasp,82.56623840332031,178.41395568847656,0.46277903589272373
Al4Ni3_mp-16515_Cubic.vasp,79.98973083496094,154.1790313720703,0.5188106976877217
Al4VNi15_mp-1228506_Tetragonal.vasp,89.64815521240234,186.6785125732422,0.4802274990123967
Al5Co2_mp-196_Hexagonal.vasp,84.42988586425781,122.62198638916016,0.6885379070300354
Al5CuMo2_mp-1228135_Tetragonal.vasp,73.99449157714844,136.32516479492188,0.5427794031165164
Al5FeNi_mp-1228374_Orthorhombic.vasp,76.57513427734375,125.51620483398438,0.6100816574132945
Al5Mo_mp-568607_Hexagonal.vasp,71.0705337524414,120.1759033203125,0.5913875559812733
Al5Mo_mp-569049_Trigonal.vasp,75.82879638671875,116.54744720458984,0.6506259742747285
Al5Mo_mp-571053_Trigonal.vasp,75.09208679199219,120.09017944335938,0.6252974817762632
Al6CoCu3_mp-1228194_Trigonal.vasp,57.22755432128906,104.03751373291016,0.5500665314648545
Al6Fe_mp-570001_Orthorhombic.vasp,71.95770263671875,105.0015640258789,0.6853012457889094
Al7CoCu2_mp-17856_Tetragonal.vasp,61.29646682739258,104.63148498535156,0.5858319494937313
Al7FeCu2_mp-4689_Tetragonal.vasp,65.16560363769531,104.6556396484375,0.6226669088890159
Al8Cr5_mp-19954_Trigonal.vasp,90.31208801269531,140.9694061279297,0.640650269397724
Al8Fe5_mp-1193259_Cubic.vasp,68.63523864746094,140.16017150878906,0.4896914573421238
Al8Mo3_mp-2733_Monoclinic.vasp,101.35783386230469,140.1919708251953,0.7229931447977664
Al8V5_mp-1214872_Cubic.vasp,85.53457641601562,131.2933349609375,0.6514769119198925
Al8V5_mp-1228763_Monoclinic.vasp,77.67127990722656,131.07241821289062,0.5925829473983704
Al9Co2Ni_mp-1228742_Orthorhombic.vasp,76.60956573486328,114.13414764404297,0.671223882740073
Al9Co2_mp-16488_Monoclinic.vasp,72.74278259277344,103.94377899169922,0.6998281503559973
Al9Fe2_mp-1191778_Monoclinic.vasp,75.0171127319336,105.69287109375,0.7097651142941619
AlCo2Ni_mp-1214804_Cubic.vasp,83.08625793457031,191.1393585205078,0.4346894254416773
AlCo2Ni_mp-1214822_Tetragonal.vasp,89.52542114257812,184.9241943359375,0.4841195683672641
AlCo3_mp-1018101_Cubic.vasp,87.57891082763672,185.08132934570312,0.47319149444865366
AlCo3_mp-1080667_Hexagonal.vasp,87.3209457397461,184.908203125,0.4722394369962925
AlCo4_mp-1228933_Trigonal.vasp,72.70054626464844,188.58468627929688,0.38550609648642303
AlCoNi6_mp-1228972_Tetragonal.vasp,90.81966400146484,187.82789611816406,0.4835259611507838
AlCo_mp-284_Cubic.vasp,110.1988754272461,179.51446533203125,0.6138718416001823
AlCr2_mp-1228923_Orthorhombic.vasp,91.35424041748047,176.7982940673828,0.5167144903709466
AlCr2_mp-1699_Tetragonal.vasp,101.2466812133789,183.28790283203125,0.5523915089266062
AlCrCo2_mp-10883_Cubic.vasp,43.18244552612305,199.28929138183594,0.21668221722654424
AlCrCu2_mp-16494_Cubic.vasp,50.19813537597656,130.28126525878906,0.38530586325104854
AlCrFe2_mp-1228906_Tetragonal.vasp,105.08468627929688,208.42367553710938,0.5041878568185348
AlCrFe2_mp-1228937_Orthorhombic.vasp,71.8902816772461,175.29122924804688,0.41011910285321423
AlCrFe2_mp-16495_Cubic.vasp,103.46575927734375,215.43568420410156,0.4802628666628939
AlCrNi2_mp-10885_Cubic.vasp,60.29335021972656,168.34658813476562,0.3581501168972919
AlCrNi_mp-1228985_Orthorhombic.vasp,71.68075561523438,154.52536010742188,0.46387696857916294
AlCu3_mp-1008555_Cubic.vasp,59.08440399169922,129.50442504882812,0.45623463421749594
AlCu3_mp-1183216_Hexagonal.vasp,59.73626708984375,129.76808166503906,0.46033097140201734
AlCu3_mp-12777_Cubic.vasp,54.49769592285156,131.2766571044922,0.41513622547131945
AlCu3_mp-12802_Orthorhombic.vasp,59.845787048339844,130.35585021972656,0.45909552158544753
AlCu4_mp-1182885_Cubic.vasp,54.38862609863281,131.46725463867188,0.4137047377167491
AlCuNi2_mp-1096066_Orthorhombic.vasp,36.53331756591797,128.9334716796875,0.2833501424415109
AlCuNi6_mp-1228938_Tetragonal.vasp,79.82935333251953,179.9397430419922,0.44364492236653863
AlCu_mp-1022721_Cubic.vasp,54.458457946777344,113.36314392089844,0.48038944636871483
AlCu_mp-2500_Monoclinic.vasp,50.31310272216797,105.1835708618164,0.4783361347207557
AlFe2Mo_mp-672259_Cubic.vasp,78.4176254272461,223.7849884033203,0.3504150389476375
AlFe2Ni_mp-31186_Cubic.vasp,83.55101776123047,170.2960662841797,0.4906221240707089
AlFe2_mp-31184_Cubic.vasp,57.76598358154297,142.81532287597656,0.40448029257832513
AlFe2_mp-985579_Hexagonal.vasp,56.54868698120117,138.74957275390625,0.4075593593466337
AlFe3_mp-1183162_Cubic.vasp,75.54203033447266,163.9732208251953,0.46069736237604747
AlFe3_mp-1228919_Orthorhombic.vasp,50.62104034423828,150.936767578125,0.3353791203858714
AlFe3_mp-2018_Cubic.vasp,53.13599395751953,175.96588134765625,0.30196759480060004
AlFe4_mp-1228952_Orthorhombic.vasp,43.69047927856445,144.35000610351562,0.3026704359626652
AlFeCo2_mp-10884_Cubic.vasp,51.65602111816406,184.79127502441406,0.27953712160565714
AlFe_mp-2658_Cubic.vasp,109.40652465820312,177.53709411621094,0.6162460031399895
AlFe_mp-985578_Hexagonal.vasp,44.8493537902832,129.95877075195312,0.34510447837249314
AlMo3_mp-259_Cubic.vasp,76.83232116699219,217.2573699951172,0.35364655831339104
AlNi2_mp-1025044_Trigonal.vasp,73.48487854003906,172.8979949951172,0.4250186853937453
AlNi3_mp-1183232_Hexagonal.vasp,87.8344955444336,179.77859497070312,0.4885703749033481
AlNi3_mp-2593_Cubic.vasp,88.47162628173828,180.08358764648438,0.49128089593269186
AlNi3_mp-672232_Cubic.vasp,70.61296844482422,177.81019592285156,0.39712553084111013
AlNi_mp-1228854_Monoclinic.vasp,79.33082580566406,153.0929412841797,0.5181873516846589
AlNi_mp-1228868_Tetragonal.vasp,80.36829376220703,156.5996551513672,0.5132086254246478
AlNi_mp-1487_Cubic.vasp,79.7098159790039,157.41119384765625,0.5063795911245529
AlV2Fe_mp-1228827_Orthorhombic.vasp,46.83591079711914,167.74464416503906,0.27920957494797066
AlV2_mp-1228006_Orthorhombic.vasp,53.012596130371094,155.41659545898438,0.34109997052638774
AlV3_mp-1228813_Orthorhombic.vasp,41.8855094909668,160.5630340576172,0.2608664549521181
AlV3_mp-1387_Cubic.vasp,35.06858444213867,172.0940399169922,0.20377570576560144
AlVCo2_mp-4955_Cubic.vasp,62.26874923706055,198.46388244628906,0.3137535579246392
AlVCo_mp-1228974_Orthorhombic.vasp,67.67826843261719,163.166015625,0.41478164538968887
AlVCr2_mp-1096125_Orthorhombic.vasp,45.68581771850586,140.61538696289062,0.3248991359001321
AlVFe2_mp-1228804_Cubic.vasp,44.1072998046875,176.8887176513672,0.2493505543503305
AlVFe2_mp-1228816_Tetragonal.vasp,93.21109771728516,198.67593383789062,0.46916149287281383
AlVFe2_mp-5778_Cubic.vasp,93.89582061767578,218.79417419433594,0.42915137463521424
AlVNi2_mp-10899_Cubic.vasp,71.67703247070312,179.8990020751953,0.39842929445902714
AlVNi2_mp-1228840_Tetragonal.vasp,85.0724868774414,175.91323852539062,0.4836048019499248
AlVNi_mp-961650_Cubic.vasp,-4.151628494262695,110.05162048339844,-0.037724374034901004
AlV_mp-1228001_Orthorhombic.vasp,66.6092300415039,148.83807373046875,0.447528165153002
Co2Mo3_mp-1182516_Monoclinic.vasp,27.782629013061523,213.34754943847656,0.13022239573964853
Co2Mo3_mp-1188213_Orthorhombic.vasp,22.137493133544922,222.24850463867188,0.0996069385012768
Co3Cu_mp-1183752_Tetragonal.vasp,86.97379302978516,192.68484497070312,0.45137848305095885
Co3Mo_mp-1008279_Cubic.vasp,144.6915740966797,266.8039245605469,0.5423142644359575
Co3Mo_mp-1139_Hexagonal.vasp,137.39344787597656,268.22259521484375,0.5122366658406452
Co3Mo_mp-1226451_Hexagonal.vasp,113.15686798095703,232.64234924316406,0.48639840660602346
Co3Ni_mp-1008349_Cubic.vasp,118.11023712158203,208.41400146484375,0.5667097042014494
Co3Ni_mp-1183837_Hexagonal.vasp,117.55181121826172,209.14015197753906,0.5620719412639921
Co3Ni_mp-1226559_Hexagonal.vasp,112.0779037475586,208.16796875,0.5384012940154059
Co7Mo6_mp-567747_Trigonal.vasp,23.73943328857422,201.3125762939453,0.11792325012974467
CoMo3_mp-1183707_Cubic.vasp,19.526185989379883,35.08772277832031,0.5564962455028443
CoMo_mp-1006884_Cubic.vasp,7.421832084655762,223.78622436523438,0.03316482998767085
CoMo_mp-1226002_Hexagonal.vasp,65.30194091796875,242.19369506835938,0.26962692360565876
CoMo_mp-1226395_Trigonal.vasp,21.787282943725586,151.66729736328125,0.1436518176462232
CoNi3_mp-1183751_Cubic.vasp,102.2807846069336,201.24578857421875,0.5082381367161519
CoNi3_mp-1183785_Hexagonal.vasp,102.25086212158203,201.41876220703125,0.507653115336306
CoNi_mp-1006883_Cubic.vasp,71.40646362304688,195.45828247070312,0.36532841034121877
CoNi_mp-1226063_Orthorhombic.vasp,80.94439697265625,199.03102111816406,0.4066923664356815
CoNi_mp-1226076_Trigonal.vasp,106.65409851074219,204.04745483398438,0.5226926187220386
Cr11Ni40Mo9_mp-766580_Triclinic.vasp,104.41675567626953,229.73316955566406,0.4545131897071114
Cr11Ni40Mo9_mp-771746_Triclinic.vasp,106.6526870727539,230.40908813476562,0.46288402916803806
Cr22Ni50Mo3_mp-767825_Triclinic.vasp,112.39702606201172,229.982421875,0.48872007323717
Cr2Co_mp-1077706_Cubic.vasp,75.69043731689453,240.81504821777344,0.3143094166127288
Cr2Fe_mp-1077708_Cubic.vasp,51.23540496826172,236.33914184570312,0.21678764071044726
Cr2Ni_mp-1077252_Cubic.vasp,51.17403030395508,211.91575622558594,0.2414828949739817
Cr3Co2_mp-1226444_Orthorhombic.vasp,118.29180908203125,258.6453552246094,0.45735137589965935
Cr3Co_mp-1025503_Hexagonal.vasp,117.24456024169922,251.95562744140625,0.4653381289090879
Cr3Cu_mp-984711_Cubic.vasp,61.23261260986328,212.8478546142578,0.28768254545405014
Cr3Fe_mp-1008282_Cubic.vasp,88.59188842773438,244.10763549804688,0.3629214147561689
Cr3Fe_mp-1008285_Cubic.vasp,51.28025817871094,253.28343200683594,0.20246195249489085
Cr3Fe_mp-1017511_Tetragonal.vasp,33.74522399902344,248.552978515625,0.1357667254705704
Cr3Mo_mp-1226288_Orthorhombic.vasp,118.71851348876953,249.85858154296875,0.47514282981852773
Cr3Ni_mp-1008275_Cubic.vasp,33.638545989990234,212.670166015625,0.1581723784779422
Cr3Ni_mp-1008278_Cubic.vasp,97.01930236816406,244.00201416015625,0.3976168094435616
Cr3Ni_mp-1008284_Tetragonal.vasp,96.99698638916016,243.6630401611328,0.39807837218569
Cr4Ni_mp-1226243_Orthorhombic.vasp,86.99871826171875,242.1171112060547,0.35932494745354104
Cr7Ni20Mo3_mp-768498_Triclinic.vasp,108.20289611816406,229.4958953857422,0.4714807466874039
Cr7Ni20Mo3_mp-768654_Triclinic.vasp,107.21571350097656,228.6986846923828,0.4688077399535108
Cr8Co7_mp-1227307_Tetragonal.vasp,102.80445098876953,247.85494995117188,0.41477667082712005
Cr8Ni50Mo17_mp-766895_Triclinic.vasp,102.70679473876953,229.24612426757812,0.4480197650752396
CrCo3_mp-1008280_Cubic.vasp,158.25051879882812,262.11212158203125,0.6037512414293349
CrCo3_mp-1087479_Hexagonal.vasp,153.1534423828125,261.59454345703125,0.5854611505226944
CrCo3_mp-1226209_Hexagonal.vasp,127.0225601196289,242.4857940673828,0.5238350584955563
CrCo_mp-1010071_Cubic.vasp,-11.210990905761719,218.3947296142578,-0.05133361471480223
CrFe3_mp-1018067_Cubic.vasp,57.29462432861328,220.45335388183594,0.259894546033187
CrFe3_mp-1018081_Cubic.vasp,141.3759307861328,245.5836944580078,0.5756731166462136
CrFe4_mp-1226230_Orthorhombic.vasp,45.47018814086914,226.26548767089844,0.20095945081560654
CrFe_mp-1226211_Orthorhombic.vasp,86.33665466308594,246.98046875,0.34956875375630664
CrMo3_mp-1226250_Trigonal.vasp,107.68916320800781,251.7919158935547,0.4276911068643424
CrMo_mp-1226200_Orthorhombic.vasp,78.19725036621094,237.3739013671875,0.32942648671915137
CrNi2_mp-1077077_Cubic.vasp,88.63326263427734,197.19317626953125,0.44947428866975586
CrNi2_mp-784631_Orthorhombic.vasp,118.96224975585938,232.32203674316406,0.5120575362696831
CrNi3_mp-1007923_Tetragonal.vasp,88.00286865234375,205.46884155273438,0.42830274404286
CrNi3_mp-1007974_Cubic.vasp,84.97952270507812,203.69483947753906,0.4171903565306013
CrNi3_mp-1007975_Cubic.vasp,62.6171760559082,193.3590850830078,0.3238388102065494
CrNi3_mp-1226338_Trigonal.vasp,93.60143280029297,215.6703643798828,0.434002293590152
CrNi_mp-1226196_Cubic.vasp,33.28110885620117,184.4411163330078,0.18044300272024077
CrNi_mp-1226232_Trigonal.vasp,115.36018371582031,233.23960876464844,0.49459945644234493
Cu3Ni_mp-1225698_Orthorhombic.vasp,55.01591110229492,152.9781494140625,0.35963247897178174
CuNi3_mp-1184054_Tetragonal.vasp,71.6988754272461,182.72103881835938,0.392395292249411
CuNi3_mp-1225694_Orthorhombic.vasp,62.728946685791016,180.7282257080078,0.34708992709937053
CuNi_mp-1184069_Hexagonal.vasp,67.4342269897461,171.94415283203125,0.39218679948728014
CuNi_mp-1225687_Trigonal.vasp,67.72727966308594,171.77980041503906,0.3942680076437935
CuNi_mp-1225695_Orthorhombic.vasp,57.96918869018555,164.3160400390625,0.35279080895817994
Fe11Co5_mp-601848_Tetragonal.vasp,31.9746150970459,186.3939971923828,0.1715431590001471
Fe13Co3_mp-641526_Tetragonal.vasp,30.412893295288086,186.211181640625,0.16332474251725074
Fe13Mo9_mp-1213182_Monoclinic.vasp,92.16741180419922,229.20526123046875,0.40211734804605437
Fe15Co_mp-18695_Cubic.vasp,26.343944549560547,185.13279724121094,0.14229755582008963
Fe25Mo4_mp-1193426_Cubic.vasp,93.7975845336914,228.5936737060547,0.4103244985436665
Fe2Mo_mp-1095682_Hexagonal.vasp,92.9307632446289,223.6230926513672,0.4155687238862661
Fe2Ni_mp-1077745_Cubic.vasp,69.05868530273438,144.60560607910156,0.47756575402033985
Fe2Ni_mp-1224697_Trigonal.vasp,113.17675018310547,183.69769287109375,0.6161032749743081
Fe3Co_mp-601820_Tetragonal.vasp,30.386930465698242,185.3736114501953,0.16392263293560722
Fe3Cu_mp-1184260_Cubic.vasp,44.301788330078125,175.01148986816406,0.25313645614611135
Fe3Cu_mp-1184311_Tetragonal.vasp,86.92387390136719,167.6638641357422,0.5184413132157853
Fe3Cu_mp-1225131_Orthorhombic.vasp,37.037109375,151.6044921875,0.24430087024857802
Fe3Mo_mp-985475_Hexagonal.vasp,111.62321472167969,237.93264770507812,0.4691378665278365
Fe3Ni2_mp-1225009_Tetragonal.vasp,108.331787109375,183.92210388183594,0.5890090686379638
Fe3Ni_mp-1007853_Cubic.vasp,19.995859146118164,166.4582977294922,0.12012533720976173
Fe3Ni_mp-1007862_Tetragonal.vasp,131.775146484375,210.009765625,0.6274715182515694
Fe3Ni_mp-1224780_Orthorhombic.vasp,24.525856018066406,179.01068115234375,0.13700777998377722
Fe3Ni_mp-1224827_Trigonal.vasp,116.31840515136719,180.12586975097656,0.6457617959717669
Fe3Ni_mp-999189_Cubic.vasp,136.35479736328125,209.86087036132812,0.6497390253290776
Fe4Mo_mp-1225226_Tetragonal.vasp,104.13086700439453,196.49679565429688,0.5299367180907891
Fe5Co3_mp-1084832_Cubic.vasp,36.6486930847168,187.97181701660156,0.19496908454888215
Fe7Co_mp-1080603_Cubic.vasp,33.083614349365234,187.83578491210938,0.1761305193514934
Fe7Mo6_mp-569594_Trigonal.vasp,86.38160705566406,228.7216796875,0.3776712691760848
Fe9Co7_mp-601842_Cubic.vasp,33.30497360229492,186.72178649902344,0.17836683242353782
FeCo3_mp-1007852_Cubic.vasp,134.6956787109375,198.02049255371094,0.6802108053256293
FeCo3_mp-1225083_Tetragonal.vasp,125.8474349975586,197.3297882080078,0.6377518373703479
FeCo9_mp-1096987_Tetragonal.vasp,21.678970336914062,166.93106079101562,0.12986780431506637
FeCo_mp-1225016_Orthorhombic.vasp,33.85446548461914,192.77536010742188,0.1756161444375159
FeCo_mp-2090_Cubic.vasp,34.078102111816406,185.99038696289062,0.18322507237223917
FeCu3_mp-1184444_Hexagonal.vasp,57.07350158691406,146.43394470214844,0.38975595243987643
FeCu3_mp-1224953_Orthorhombic.vasp,50.77510452270508,141.25927734375,0.3594461579974352
FeCu4_mp-1224977_Trigonal.vasp,62.2976188659668,144.03411865234375,0.43251987410243425
FeCuNi_mp-1224973_Trigonal.vasp,81.73986053466797,168.5127410888672,0.485066351698365
FeCu_mp-1224945_Orthorhombic.vasp,41.951683044433594,140.4198760986328,0.29875886669324625
FeMo2_mp-1224941_Orthorhombic.vasp,77.42001342773438,225.5724334716797,0.3432157566250415
FeNi2_mp-1072076_Cubic.vasp,84.00018310546875,181.39892578125,0.46306880122743976
FeNi3_mp-1007854_Cubic.vasp,61.9234733581543,188.0243682861328,0.32933748919140116
FeNi3_mp-1007855_Tetragonal.vasp,97.38233947753906,190.30245971679688,0.5117240188196248
FeNi3_mp-1079337_Orthorhombic.vasp,97.43742370605469,191.2158966064453,0.5095675905366666
FeNi3_mp-1225078_Trigonal.vasp,97.55789184570312,191.81312561035156,0.5086090513111279
FeNi3_mp-1418_Cubic.vasp,96.85187530517578,191.03366088867188,0.5069885320452392
FeNiMo_mp-631256_Cubic.vasp,-2.071431875228882,208.77728271484375,-0.00992173022032347
FeNi_mp-1224965_Orthorhombic.vasp,29.881683349609375,174.02178955078125,0.17171230928463477
FeNi_mp-1224976_Trigonal.vasp,109.47090911865234,187.46551513671875,0.5839522487045957
FeNi_mp-2213_Tetragonal.vasp,107.21904754638672,188.98536682128906,0.5673404737615303
Mn11Al4V_mp-1222031_Trigonal.vasp,79.00042724609375,208.42816162109375,0.37902952572076326
Mn2Al2Cu_mp-1221904_Tetragonal.vasp,70.24775695800781,142.2957000732422,0.4936744885604415
Mn2Al3_mp-1180309_Cubic.vasp,55.44013977050781,146.91629028320312,0.3773586963272667
Mn2AlCo_mp-13079_Cubic.vasp,63.11934280395508,189.31288146972656,0.33341282597322164
Mn2AlCr_mp-864988_Cubic.vasp,63.12378692626953,157.22293090820312,0.4014922413774697
Mn2AlCu3_mp-1221881_Trigonal.vasp,57.42934799194336,124.19161224365234,0.4624253357728567
Mn2AlMo_mp-1097152_Orthorhombic.vasp,40.9140510559082,130.93478393554688,0.3124765614311342
Mn2AlV_mp-10895_Cubic.vasp,81.80937194824219,182.9915771484375,0.4470663252543082
Mn2CoMo_mp-1096406_Orthorhombic.vasp,36.15505599975586,164.4761505126953,0.21981944426018885
Mn2CrCo_mp-864955_Cubic.vasp,93.3779525756836,205.3938751220703,0.4546287104237501
Mn2CrFe_mp-1096273_Orthorhombic.vasp,24.914201736450195,148.3081817626953,0.16798939505788607
Mn3Al10_mp-16511_Hexagonal.vasp,66.96922302246094,109.68363189697266,0.6105671544990966
Mn3Al2V3_mp-1221807_Trigonal.vasp,75.69110107421875,180.34512329101562,0.4197014019174729
Mn3Al_mp-973149_Cubic.vasp,72.54098510742188,211.53536987304688,0.3429260324217052
Mn3Co_mp-1185970_Hexagonal.vasp,137.10470581054688,264.1933898925781,0.5189558522501039
Mn3Co_mp-1545421_Orthorhombic.vasp,86.38623809814453,227.68702697753906,0.37940781802498735
Mn3Fe_mp-999545_Orthorhombic.vasp,133.8756866455078,258.8427734375,0.5172085156854238
Mn4Al11_mp-2856_Triclinic.vasp,72.71839904785156,106.59860229492188,0.6821702863107401
Mn4Al19_mp-30526_Cubic.vasp,64.32140350341797,95.85884857177734,0.6710012112784276
Mn4Al9_mp-1212295_Orthorhombic.vasp,71.61383056640625,115.2121810913086,0.6215821095310265
Mn4Cu_mp-1221725_Trigonal.vasp,90.2244644165039,219.46759033203125,0.41110609671343196
Mn5Al2V_mp-1221708_Trigonal.vasp,84.42937469482422,196.82464599609375,0.42895733035638145
Mn5Al8_mp-1194040_Trigonal.vasp,75.41960144042969,139.08697509765625,0.5422477653818828
Mn6Al31Cu2_mp-1211191_Orthorhombic.vasp,63.7623405456543,97.71717071533203,0.6525193072915061
Mn6Al31Ni2_mp-30179_Orthorhombic.vasp,68.78994750976562,104.27713775634766,0.6596838865149823
Mn7Al4V5_mp-1221730_Trigonal.vasp,84.61013793945312,187.05938720703125,0.45231698447621543
Mn7Fe3_mp-1221991_Monoclinic.vasp,131.760986328125,272.3528137207031,0.4837878651888849
Mn9Al4V3_mp-1221707_Trigonal.vasp,88.35733032226562,194.03001403808594,0.4553797038066598
MnAl12Fe_mp-1221672_Orthorhombic.vasp,70.42671966552734,102.40149688720703,0.6877508806643794
MnAl12_mp-1104165_Cubic.vasp,62.38814926147461,87.01342010498047,0.7169945645879013
MnAl24Cr_mp-1221714_Monoclinic.vasp,63.973915100097656,85.40865325927734,0.7490331794120476
MnAl2Co_mp-1221642_Tetragonal.vasp,96.3516616821289,162.77236938476562,0.5919411386976269
MnAl2Cr3_mp-1221662_Tetragonal.vasp,82.54618835449219,162.1471710205078,0.5090818904515579
MnAl2Cu_mp-1221660_Tetragonal.vasp,68.95120239257812,123.32130432128906,0.5591183354089373
MnAl2Fe_mp-1093629_Orthorhombic.vasp,36.11973190307617,109.01697540283203,0.3313220878639223
MnAl2Ni_mp-1221656_Tetragonal.vasp,72.26054382324219,148.6092987060547,0.4862451034519156
MnAl6_mp-173_Orthorhombic.vasp,67.0857925415039,99.38636016845703,0.6749999942426246
MnAlCo2_mp-3623_Cubic.vasp,52.091285705566406,194.09190368652344,0.26838464003989937
MnAlCu2_mp-3574_Cubic.vasp,49.075462341308594,125.03460693359375,0.3924950343337562
MnAlFe2_mp-1221620_Cubic.vasp,21.16861343383789,19.6141357421875,1.0792529281984578
MnAlFe2_mp-31185_Cubic.vasp,62.976600646972656,208.3595733642578,0.3022496141172063
MnAlNi2_mp-4922_Cubic.vasp,53.07000732421875,161.95057678222656,0.32769261078694084
MnAlNi6_mp-1221740_Tetragonal.vasp,88.5569839477539,181.54238891601562,0.4878033415585479
MnAlV2_mp-1221624_Cubic.vasp,60.756690979003906,177.2829132080078,0.3427103598400229
MnAl_mp-12067_Cubic.vasp,83.08955383300781,132.50941467285156,0.6270464180839155
MnAl_mp-771_Tetragonal.vasp,48.08732223510742,139.5087127685547,0.3446904589743037
MnCo3_mp-1186063_Hexagonal.vasp,148.6986846923828,234.76593017578125,0.6333912445517308
MnCo3_mp-999543_Cubic.vasp,146.65585327148438,230.4930419921875,0.636270197156126
MnCo_mp-1009133_Cubic.vasp,56.35689926147461,210.42079162597656,0.26782951829992696
MnCr_mp-1221647_Orthorhombic.vasp,79.5263671875,251.5309600830078,0.3161692984484116
MnCu3_mp-974747_Hexagonal.vasp,60.06728744506836,133.26991271972656,0.45071904242477395
MnFe3_mp-1221628_Hexagonal.vasp,134.74151611328125,244.28146362304688,0.5515830555248441
MnFe3_mp-999542_Tetragonal.vasp,56.63106918334961,231.69960021972656,0.24441591236948593
MnFe4_mp-1221635_Orthorhombic.vasp,50.966129302978516,229.1068878173828,0.22245568340836067
MnFe_mp-1009134_Tetragonal.vasp,144.23599243164062,271.1163024902344,0.5320078177033859
MnMo3_mp-1180144_Trigonal.vasp,61.695953369140625,214.21795654296875,0.2880055172067958
MnNi3_mp-11501_Cubic.vasp,87.55939483642578,186.67669677734375,0.46904298366100367
MnNi_mp-11500_Cubic.vasp,27.6346378326416,144.98390197753906,0.19060487030430984
MnNi_mp-1221588_Trigonal.vasp,106.7372817993164,216.98056030273438,0.49192094282729765
MnNi_mp-1221603_Orthorhombic.vasp,75.52332305908203,180.28872680664062,0.41890208221438424
MnNi_mp-1797_Tetragonal.vasp,27.346485137939453,147.7891845703125,0.18503712039177692
MnV2Cr_mp-864953_Cubic.vasp,97.06599426269531,220.65623474121094,0.4398969028748987
MnV2Fe_mp-1093768_Orthorhombic.vasp,17.56147575378418,155.3287811279297,0.11306002420324439
MnV2Fe_mp-1186011_Cubic.vasp,76.53306579589844,222.84893798828125,0.34343024690529605
MnV2Mo_mp-1097684_Orthorhombic.vasp,38.77088165283203,176.13438415527344,0.22012102769583639
MnV3_mp-864984_Cubic.vasp,76.26213073730469,210.58982849121094,0.36213586992159746
MnVNi_mp-631555_Cubic.vasp,34.62369155883789,179.27769470214844,0.19312883075812423
MnV_mp-1221550_Orthorhombic.vasp,60.56391525268555,229.3898162841797,0.26402181332084906
MnV_mp-316_Cubic.vasp,123.65595245361328,247.18792724609375,0.5002507761251005
Ni2Mo_mp-784630_Orthorhombic.vasp,103.83335876464844,233.93605041503906,0.44385360264239676
Ni3Mo_mp-11506_Orthorhombic.vasp,93.22480010986328,229.3530731201172,0.4064685022164034
Ni3Mo_mp-1220074_Trigonal.vasp,93.8080825805664,218.246826171875,0.42982564386384303
Ni4Mo_mp-11507_Tetragonal.vasp,98.26446533203125,223.4668426513672,0.43972727303143855
Ti13Al9Co8_mp-1217391_Trigonal.vasp,60.9553337097168,138.59922790527344,0.4397956224646296
Ti21Mn25_mp-1202079_Trigonal.vasp,53.646724700927734,193.40911865234375,0.27737432999401984
Ti2Al3Ni_mp-1217248_Hexagonal.vasp,64.58943939208984,123.3125991821289,0.5237862134159805
Ti2Al3_mp-1208324_Tetragonal.vasp,65.95106506347656,111.06495666503906,0.5938062467568277
Ti2AlCo_mp-1064228_Cubic.vasp,17.148544311523438,135.65750122070312,0.12641058664072122
Ti2AlCr_mp-1217087_Tetragonal.vasp,51.35493469238281,135.8274688720703,0.3780894624544
Ti2AlCr_mp-999096_Cubic.vasp,17.030113220214844,132.96080017089844,0.12808371488683534
Ti2AlCu_mp-999079_Cubic.vasp,20.358245849609375,121.52030944824219,0.16752957544335698
Ti2AlFe_mp-999069_Cubic.vasp,20.12356948852539,139.48291015625,0.14427265294352395
Ti2AlMo_mp-861627_Cubic.vasp,47.835662841796875,149.7603302001953,0.31941477945362123
Ti2AlNi_mp-1018016_Cubic.vasp,19.718990325927734,133.21212768554688,0.14802699024878038
Ti2AlNi_mp-1187453_Cubic.vasp,48.10903549194336,136.01092529296875,0.3537144930697006
Ti2AlV_mp-999068_Cubic.vasp,23.712020874023438,122.63404846191406,0.19335593313130797
Ti2Al_mp-1008753_Cubic.vasp,26.110286712646484,96.94988250732422,0.26931736313010946
Ti2CoMo_mp-1097437_Orthorhombic.vasp,5.58517599105835,135.9918975830078,0.04106991732834102
Ti2CoMo_mp-1187432_Cubic.vasp,26.182592391967773,121.86235046386719,0.21485382722640858
Ti2CoNi_mp-1217078_Tetragonal.vasp,37.99040222167969,168.14901733398438,0.22593294224385274
Ti2CoNi_mp-1217222_Orthorhombic.vasp,70.66075134277344,166.59707641601562,0.42414160478016977
Ti2Co_mp-1191331_Cubic.vasp,47.67911148071289,157.6203155517578,0.30249344009882084
Ti2Co_mp-30566_Cubic.vasp,7.185290336608887,116.04412841796875,0.06191860316041881
Ti2CrCo_mp-1095821_Orthorhombic.vasp,21.104604721069336,113.20992279052734,0.1864200964090334
Ti2Cu3_mp-30599_Tetragonal.vasp,49.94649124145508,133.9627227783203,0.3728387286074041
Ti2Cu3_mp-622570_Tetragonal.vasp,58.192562103271484,134.02920532226562,0.4341782223012572
Ti2CuNi_mp-1217071_Tetragonal.vasp,32.71624755859375,142.16708374023438,0.2301253335010543
Ti2CuNi_mp-1217130_Orthorhombic.vasp,39.70149612426758,111.40193939208984,0.3563806549591057
Ti2Cu_mp-1192264_Cubic.vasp,50.87128829956055,131.4895782470703,0.3868845651324005
Ti2Cu_mp-742_Tetragonal.vasp,56.12543869018555,126.36007690429688,0.44417065947731316
Ti2FeCo_mp-1096315_Orthorhombic.vasp,1.0130603313446045,121.4349365234375,0.0083424124913927
Ti2FeCo_mp-1187429_Cubic.vasp,50.71588897705078,183.5381317138672,0.27632344572470635
Ti2FeCu_mp-1217096_Tetragonal.vasp,48.881431579589844,149.27284240722656,0.32746366178409025
Ti2FeMo_mp-1097301_Orthorhombic.vasp,8.807751655578613,131.73875427246094,0.06685771172059589
Ti2Fe_mp-1192216_Cubic.vasp,52.7069091796875,146.05767822265625,0.36086366578646384
Ti2Mn3V_mp-1217200_Orthorhombic.vasp,72.95478057861328,208.48876953125,0.34992187225546567
Ti2MnAl_mp-999052_Cubic.vasp,20.33247184753418,139.8162384033203,0.14542282126688463
Ti2MnCo_mp-863690_Cubic.vasp,42.18408203125,182.156982421875,0.2315809225119452
Ti2MnCu_mp-1097219_Orthorhombic.vasp,20.607769012451172,101.10636901855469,0.20382265936846478
Ti2MnFe_mp-861983_Cubic.vasp,67.74183654785156,179.89344787597656,0.3765664472368923
Ti2MnMo_mp-1097614_Orthorhombic.vasp,26.322097778320312,145.9510498046875,0.18034880744979012
Ti2MnNi_mp-865712_Cubic.vasp,41.356449127197266,157.39971923828125,0.2627479218345324
Ti2NiMo_mp-865591_Cubic.vasp,34.459808349609375,170.04202270507812,0.2026546603093323
Ti2Ni_mp-1808_Cubic.vasp,21.041549682617188,19.254194259643555,1.0928294063553674
Ti2VMo_mp-1096187_Orthorhombic.vasp,26.910676956176758,117.91983795166016,0.22821161751603214
Ti2VNi9_mp-1217583_Hexagonal.vasp,96.7313003540039,201.38023376464844,0.4803415834100831
Ti3Al5_mp-1217081_Tetragonal.vasp,75.14215850830078,109.59988403320312,0.6856043614565922
Ti3Al5_mp-1217092_Orthorhombic.vasp,73.74923706054688,109.47003936767578,0.6736933455632198
Ti3AlNi12_mp-1217197_Hexagonal.vasp,90.88568115234375,186.06423950195312,0.4884639917676912
Ti3Al_mp-1217072_Hexagonal.vasp,18.28276824951172,31.544841766357422,0.5795802808245593
Ti3Al_mp-1823_Hexagonal.vasp,54.52647399902344,115.3934555053711,0.4725265723278861
Ti3Al_mp-999027_Cubic.vasp,41.23387908935547,118.07469940185547,0.3492185819505673
Ti3Cu4_mp-2643_Tetragonal.vasp,60.33976745605469,133.98558044433594,0.450345233091129
Ti3Cu_mp-11365_Cubic.vasp,23.32229232788086,117.94796752929688,0.19773373646381723
Ti3Fe_mp-1217177_Hexagonal.vasp,48.827674865722656,133.54559326171875,0.36562550416794065
Ti3Ni4_mp-567653_Trigonal.vasp,49.6330680847168,152.66162109375,0.32511817789644043
Ti3Ni_mp-1187671_Hexagonal.vasp,4.941269874572754,129.0733642578125,0.03828264571072161
Ti3Ni_mp-981209_Cubic.vasp,5.197729110717773,129.40174865722656,0.040167379225191806
Ti4Al11Ni_mp-1217228_Tetragonal.vasp,77.33317565917969,109.0625,0.7090720977345989
Ti4Co5Ni_mp-1217224_Tetragonal.vasp,44.38925552368164,182.51644897460938,0.24320687682158892
Ti4CoNi_mp-1217247_Cubic.vasp,41.227298736572266,121.72711944580078,0.338686226407656
Ti4Co_mp-1208254_Cubic.vasp,11.534793853759766,112.79075622558594,0.10226719138835921
Ti4Cr_mp-1208307_Cubic.vasp,37.78944396972656,117.41911315917969,0.32183383908288554
Ti4Cr_mp-1217156_Orthorhombic.vasp,37.02699661254883,132.76156616210938,0.27889846197909995
Ti4FeNi_mp-1217277_Cubic.vasp,49.895606994628906,98.19247436523438,0.5081408459984256
Ti4Fe_mp-1217161_Orthorhombic.vasp,36.79085159301758,128.59288024902344,0.2861033326399653
Ti4Mn5V3_mp-1217201_Orthorhombic.vasp,71.8244857788086,204.7666015625,0.3507626987542982
Ti4V_mp-1217117_Orthorhombic.vasp,28.068706512451172,124.16020965576172,0.22606845293087527
Ti5Al11_mp-1217111_Tetragonal.vasp,75.20877075195312,106.16682434082031,0.708401812137805
Ti5Cu2_mp-1208489_Orthorhombic.vasp,54.68853759765625,123.89656829833984,0.441404781010299
Ti5Mn3_mp-1208237_Hexagonal.vasp,70.04663848876953,161.7077178955078,0.43316818393313933
Ti5Mn7_mp-1217189_Trigonal.vasp,48.44559097290039,168.09976196289062,0.28819547634811726
Ti6Al16Co7_mp-1192877_Cubic.vasp,83.19627380371094,130.5196533203125,0.6374233434373003
Ti6Al16Fe7_mp-1208277_Cubic.vasp,84.62543487548828,133.3568878173828,0.6345786577696177
Ti6Al16Ni7_mp-865235_Cubic.vasp,66.78632354736328,122.5999526977539,0.5447499944148578
Ti8Cu3Ni_mp-1217065_Tetragonal.vasp,53.290443420410156,130.072998046875,0.40969643369952646
TiAl2V_mp-1217015_Tetragonal.vasp,74.46269226074219,128.15963745117188,0.5810151600117632
TiAl2_mp-11809_Orthorhombic.vasp,76.92484283447266,106.8997573852539,0.7195979178628511
TiAl2_mp-567705_Tetragonal.vasp,76.68536376953125,106.84406280517578,0.717731633898673
TiAl3_mp-1217027_Orthorhombic.vasp,60.164878845214844,95.61304473876953,0.6292538744017109
TiAl3_mp-542915_Tetragonal.vasp,83.02635192871094,104.90243530273438,0.7914625784340279
TiAl3_mp-998981_Cubic.vasp,66.91094970703125,103.62078094482422,0.6457290622299001
TiAl4Ni15_mp-1217285_Tetragonal.vasp,89.25808715820312,181.659912109375,0.49134718894095925
TiAl6Mo_mp-1217017_Tetragonal.vasp,81.27056121826172,121.10478973388672,0.6710763578950432
TiAlCo2_mp-1217016_Tetragonal.vasp,62.986759185791016,176.1516876220703,0.35757113676326374
TiAlCo2_mp-5407_Cubic.vasp,86.9975814819336,186.0146484375,0.4676920995884061
TiAlCr_mp-1217088_Orthorhombic.vasp,72.91328430175781,148.73326110839844,0.4902285054357667
TiAlCu2_mp-1217047_Tetragonal.vasp,53.14120101928711,121.06502532958984,0.438947589319165
TiAlCu2_mp-4771_Cubic.vasp,66.69795989990234,133.0443878173828,0.5013211078956009
TiAlCu_mp-1217214_Orthorhombic.vasp,68.21501922607422,120.68538665771484,0.5652301501883082
TiAlFe2_mp-1217020_Tetragonal.vasp,89.78382110595703,177.79432678222656,0.5049869854167495
TiAlFe2_mp-31187_Cubic.vasp,103.7270278930664,190.96932983398438,0.5431606634596223
TiAlFe_mp-1217171_Orthorhombic.vasp,73.90930938720703,130.32611083984375,0.567110526899965
TiAlNi2_mp-1217021_Tetragonal.vasp,56.71469497680664,153.966064453125,0.368358411824402
TiAlNi2_mp-7187_Cubic.vasp,72.22673034667969,165.9835205078125,0.4351439837262647
TiAlNi6_mp-1217044_Tetragonal.vasp,90.75296020507812,184.67327880859375,0.49142442691527577
TiAlNi_mp-1217084_Orthorhombic.vasp,61.50149154663086,139.55194091796875,0.44070681598604633
TiAlV2_mp-1217032_Orthorhombic.vasp,42.427242279052734,141.9381561279297,0.2989135792408971
TiAl_mp-1061123_Cubic.vasp,68.61905670166016,121.06538391113281,0.566793368053328
TiAl_mp-1217008_Hexagonal.vasp,55.75345230102539,106.37606811523438,0.5241164980889231
TiAl_mp-1953_Tetragonal.vasp,70.69918823242188,112.93949127197266,0.6259917362490083
TiCo2_mp-1191422_Hexagonal.vasp,105.07966613769531,210.10647583007812,0.5001257849028776
TiCo2_mp-695_Cubic.vasp,105.31256103515625,209.4875030517578,0.5027152431576637
TiCo3_mp-1079863_Hexagonal.vasp,116.13423156738281,219.76087951660156,0.5284572569186937
TiCo3_mp-608_Cubic.vasp,115.71003723144531,219.12338256835938,0.5280588309435554
TiCo4_mp-1208216_Cubic.vasp,81.02462768554688,183.74374389648438,0.440965368220611
TiCoNi2_mp-1217064_Orthorhombic.vasp,102.09761047363281,197.14622497558594,0.5178775829274759
TiCo_mp-823_Cubic.vasp,37.862037658691406,178.3697052001953,0.21226719871626468
TiCr2_mp-1425_Cubic.vasp,65.33594512939453,200.73648071289062,0.3254811726167663
TiCr2_mp-1589_Hexagonal.vasp,66.03865051269531,201.16290283203125,0.3282844380498766
TiCr2_mp-568636_Hexagonal.vasp,65.76338958740234,201.41070556640625,0.32651387324453707
TiCrMo2_mp-1095914_Orthorhombic.vasp,23.761262893676758,171.0855255126953,0.1388852903977173
TiCr_mp-1216959_Orthorhombic.vasp,27.87702751159668,161.59152221679688,0.17251540878608643
TiCu2_mp-1077023_Orthorhombic.vasp,53.79676055908203,136.24571228027344,0.39485103537361804
TiCu3_mp-12546_Orthorhombic.vasp,57.34065246582031,137.2969970703125,0.41763952372865837
TiCu4_mp-1188441_Orthorhombic.vasp,57.988277435302734,137.68341064453125,0.4211711284884997
TiCuNi2_mp-1079193_Orthorhombic.vasp,70.78953552246094,168.40379333496094,0.42035594401165366
TiCuNi2_mp-1207070_Tetragonal.vasp,73.09038543701172,168.32058715820312,0.4342331895997646
TiCuNi2_mp-1216894_Tetragonal.vasp,51.58633041381836,159.4407501220703,0.3235454573208108
TiCuNi_mp-1216850_Tetragonal.vasp,52.36201095581055,152.10374450683594,0.3442519520185597
TiCu_mp-11364_Cubic.vasp,31.704105377197266,131.14637756347656,0.2417459480484092
TiCu_mp-2078_Tetragonal.vasp,63.46260452270508,132.75558471679688,0.47804094010875525
TiFe2_mp-2454_Hexagonal.vasp,57.277809143066406,149.15032958984375,0.384027372253066
TiFe4_mp-1216986_Tetragonal.vasp,65.50224304199219,159.29989624023438,0.4111882341920088
TiFeCo2_mp-1097165_Orthorhombic.vasp,8.045022010803223,139.7698211669922,0.057559077801146406
TiFe_mp-1216834_Orthorhombic.vasp,27.506425857543945,126.96492004394531,0.21664587232460253
TiFe_mp-305_Cubic.vasp,54.904396057128906,182.87464904785156,0.3002296728551066
TiMn2Al_mp-865531_Cubic.vasp,71.21886444091797,151.05194091796875,0.4714859273446513
TiMn2Cr_mp-1097244_Orthorhombic.vasp,31.481718063354492,153.41378784179688,0.20520787933232584
TiMn2Mo_mp-1096044_Orthorhombic.vasp,35.47286605834961,157.14048767089844,0.22573982417975524
TiMn2V_mp-865678_Cubic.vasp,86.22876739501953,205.88748168945312,0.41881500850586545
TiMn2_mp-1949_Hexagonal.vasp,47.44679641723633,179.08062744140625,0.26494656119495974
TiMnAl_mp-1216913_Orthorhombic.vasp,73.18407440185547,146.80026245117188,0.4985282259028499
TiMnCo2_mp-865537_Cubic.vasp,65.85630798339844,196.55311584472656,0.3350560366360396
TiMnCr_mp-1216946_Orthorhombic.vasp,52.64449691772461,196.35964965820312,0.2681024182379688
TiMnV2_mp-1216769_Orthorhombic.vasp,47.292320251464844,182.57659912109375,0.2590272821332281
TiMnV_mp-1216731_Orthorhombic.vasp,55.9283332824707,177.2400665283203,0.31555129930812903
TiMo2_mp-1216675_Orthorhombic.vasp,66.56330108642578,197.0674591064453,0.337769114130973
TiMo3_mp-1017983_Orthorhombic.vasp,89.42816925048828,229.48611450195312,0.3896888029350777
TiMo_mp-1216655_Orthorhombic.vasp,43.26966094970703,188.25985717773438,0.2298400816742177
TiMo_mp-998968_Orthorhombic.vasp,44.0456657409668,176.5296173095703,0.2495086457006607
TiNi3_mp-1409_Hexagonal.vasp,93.851806640625,194.9372100830078,0.4814463416228292
TiNi_mp-1048_Monoclinic.vasp,48.4246711730957,25.84904670715332,1.8733639086076985
TiNi_mp-1067248_Orthorhombic.vasp,47.76968002319336,60.63285827636719,0.7878513627950227
TiNi_mp-1067475_Tetragonal.vasp,29.14741325378418,151.44851684570312,0.19245756816146165
TiNi_mp-1179013_Monoclinic.vasp,8.873870849609375,41.3013801574707,0.21485652091469504
TiNi_mp-1189328_Trigonal.vasp,-0.314789354801178,0.18882781267166138,-1.6670709168703963
TiNi_mp-1190013_Tetragonal.vasp,30.198387145996094,8.199069023132324,3.683148301446946
TiNi_mp-1216890_Hexagonal.vasp,46.283241271972656,147.93260192871094,0.3128670804713937
TiNi_mp-2716_Trigonal.vasp,9.974666595458984,3.434997797012329,2.903834932335237
TiNi_mp-571_Cubic.vasp,36.44348907470703,153.33482360839844,0.2376726187638889
TiNi_mp-597_Trigonal.vasp,0.5392028093338013,-0.49883025884628296,-1.0809344456787642
TiNi_mp-603347_Orthorhombic.vasp,1.223030686378479,8.931479454040527,0.1369348373549905
TiNi_mp-640189_Triclinic.vasp,9.841585159301758,85.99169921875,0.11444808334658255
TiNi_mp-998945_Tetragonal.vasp,22.66490364074707,140.1207275390625,0.16175268312411956
TiV2Mo_mp-1095882_Orthorhombic.vasp,29.43037223815918,142.2806854248047,0.20684727621524657
TiVFe2_mp-1093976_Orthorhombic.vasp,14.764801025390625,128.27139282226562,0.11510595387273069
TiVFe_mp-1216964_Orthorhombic.vasp,45.8176383972168,177.60719299316406,0.2579717500460709
TiVMo2_mp-1096250_Orthorhombic.vasp,28.450204849243164,156.774658203125,0.18147196221204112
TiV_mp-1216646_Orthorhombic.vasp,19.75224494934082,137.96998596191406,0.14316334680785814
V2Co9Mo_mp-1216772_Trigonal.vasp,142.2953643798828,261.3744812011719,0.5444118481878973
V2Cr2Fe_mp-1216576_Orthorhombic.vasp,62.942840576171875,225.3281707763672,0.2793385325913871
V2CrFe_mp-865490_Cubic.vasp,102.59791564941406,234.37356567382812,0.4377537857328033
V2CrMo_mp-1096734_Orthorhombic.vasp,24.148889541625977,167.27975463867188,0.14436229652409602
V2FeMo_mp-1097660_Orthorhombic.vasp,25.56753921508789,193.55470275878906,0.13209464224152984
V3Co_mp-1585_Cubic.vasp,86.07962799072266,213.41006469726562,0.4033531788335828
V3Cr_mp-1187695_Cubic.vasp,62.431182861328125,199.92230224609375,0.3122772305036716
V3Cu_mp-1187753_Tetragonal.vasp,44.89813995361328,176.55178833007812,0.2543057783683987
V3Cu_mp-979283_Cubic.vasp,39.1816520690918,175.40293884277344,0.2233808186316262
V3Fe_mp-1079399_Cubic.vasp,89.23015594482422,216.30503845214844,0.4125200068539501
V3Fe_mp-1187697_Cubic.vasp,74.26058197021484,203.5620574951172,0.3648056169406527
V3Mo_mp-972071_Cubic.vasp,49.80134963989258,208.89149475097656,0.23840774225519185
V3Ni2_mp-1216708_Monoclinic.vasp,83.48832702636719,200.61026000976562,0.4161717701891369
V3Ni_mp-7226_Cubic.vasp,95.72933197021484,200.4242706298828,0.4776334306686598
V6CoNi_mp-1216439_Cubic.vasp,97.09452819824219,204.77566528320312,0.47415071543760445
V6FeNi_mp-1216443_Cubic.vasp,95.59701538085938,205.76588439941406,0.46459118167176405
VCo2Ni_mp-1102168_Trigonal.vasp,127.7354965209961,234.49562072753906,0.5447244435724974
VCo3_mp-1017529_Cubic.vasp,154.06422424316406,253.6203155517578,0.6074601078702753
VCo3_mp-1095057_Hexagonal.vasp,151.258544921875,253.0786895751953,0.5976739692139615
VCo3_mp-1216405_Trigonal.vasp,92.23579406738281,220.3064727783203,0.4186703772439475
VCo3_mp-542614_Hexagonal.vasp,152.00799560546875,253.4947509765625,0.5996494799985939
VCo3_mp-680599_Hexagonal.vasp,48.21249771118164,184.79098510742188,0.2609028664637237
VCo4_mp-1216400_Trigonal.vasp,97.76658630371094,218.941162109375,0.4465427394364077
VCo_mp-1002109_Cubic.vasp,-10.182092666625977,208.04910278320312,-0.048940815078814315
VCr2Mo_mp-1096295_Orthorhombic.vasp,45.76997756958008,170.49050903320312,0.26846056023368636
VCr3_mp-1187696_Cubic.vasp,95.68578338623047,241.96923828125,0.3954460660615514
VCrCo_mp-1216414_Orthorhombic.vasp,97.24614715576172,241.32960510253906,0.40295987354905166
VCrFe2_mp-1216349_Orthorhombic.vasp,62.53711700439453,228.18191528320312,0.27406693000528953
VCrMo2_mp-1096206_Orthorhombic.vasp,31.843372344970703,160.00546264648438,0.19901428250187533
VCrMo_mp-1216348_Orthorhombic.vasp,85.11766052246094,220.51153564453125,0.38600094218958325
VCr_mp-1216394_Orthorhombic.vasp,80.82499694824219,219.11045837402344,0.368877859815679
VFe3_mp-1216352_Orthorhombic.vasp,41.12702941894531,205.10983276367188,0.2005122273505629
VFe3_mp-866134_Cubic.vasp,37.95247268676758,208.43873596191406,0.18207974881263075
VFe4_mp-1216329_Orthorhombic.vasp,35.913780212402344,201.97250366210938,0.1778151954410806
VFe_mp-1216347_Orthorhombic.vasp,42.23285675048828,207.4775390625,0.20355387354852983
VFe_mp-1335_Cubic.vasp,52.89262008666992,198.1028594970703,0.26699574262052556
VMo_mp-1216323_Orthorhombic.vasp,60.86362075805664,223.79237365722656,0.2719646776314143
VMo_mp-995205_Hexagonal.vasp,73.37398529052734,227.33042907714844,0.32276358949565276
VNi2_mp-11531_Orthorhombic.vasp,95.51799011230469,212.76611328125,0.4489342247185854
VNi3_mp-1216314_Tetragonal.vasp,83.85093688964844,204.48580932617188,0.41005748597399844
VNi3_mp-1216317_Trigonal.vasp,81.01123809814453,202.99940490722656,0.3990713082886511
VNi3_mp-171_Tetragonal.vasp,103.8524169921875,215.60073852539062,0.48168859579280676
VNi_mp-1216313_Trigonal.vasp,82.17253875732422,202.06375122070312,0.40666640236512125
